ID,generated
TEST_0000,0.1628
TEST_0001,0.2527
TEST_0002,0.003405
TEST_0003,0.3877
TEST_0004,0.3037
TEST_0005,0.4624
TEST_0006,0.4985
TEST_0007,0.4734
TEST_0008,0.00943
TEST_0009,0.001154
TEST_0010,0.007206
TEST_0011,0.1934
TEST_0012,0.2864
TEST_0013,0.001566
TEST_0014,0.003254
TEST_0015,0.000743
TEST_0016,0.00117
TEST_0017,0.4858
TEST_0018,0.1049
TEST_0019,0.04303
TEST_0020,0.000887
TEST_0021,0.007744
TEST_0022,0.4922
TEST_0023,0.06854
TEST_0024,0.005707
TEST_0025,0.002792
TEST_0026,0.4995
TEST_0027,0.3098
TEST_0028,0.000653
TEST_0029,0.001308
TEST_0030,0.0006638
TEST_0031,0.2615
TEST_0032,0.4731
TEST_0033,0.001903
TEST_0034,0.00411
TEST_0035,0.00591
TEST_0036,0.001838
TEST_0037,0.00832
TEST_0038,0.4941
TEST_0039,0.4966
TEST_0040,0.5
TEST_0041,0.2578
TEST_0042,0.2542
TEST_0043,0.259
TEST_0044,0.0014515
TEST_0045,0.0004344
TEST_0046,0.4177
TEST_0047,0.499
TEST_0048,0.224
TEST_0049,0.5
TEST_0050,0.2439
TEST_0051,0.499
TEST_0052,0.2375
TEST_0053,0.4998
TEST_0054,0.001947
TEST_0055,0.002645
TEST_0056,0.4998
TEST_0057,0.4312
TEST_0058,0.2493
TEST_0059,0.000493
TEST_0060,0.001715
TEST_0061,0.02626
TEST_0062,0.259
TEST_0063,0.001312
TEST_0064,0.001112
TEST_0065,0.0175
TEST_0066,0.003668
TEST_0067,0.0005426
TEST_0068,0.001934
TEST_0069,0.003317
TEST_0070,0.001047
TEST_0071,0.002092
TEST_0072,0.0004563
TEST_0073,0.00973
TEST_0074,0.0005894
TEST_0075,0.005306
TEST_0076,0.002434
TEST_0077,0.0008335
TEST_0078,0.005795
TEST_0079,0.4697
TEST_0080,0.006294
TEST_0081,0.0003996
TEST_0082,0.5
TEST_0083,0.000554
TEST_0084,0.00406
TEST_0085,0.01279
TEST_0086,0.00434
TEST_0087,0.2703
TEST_0088,0.4954
TEST_0089,0.002253
TEST_0090,0.498
TEST_0091,0.007683
TEST_0092,0.00316
TEST_0093,0.000673
TEST_0094,0.0434
TEST_0095,0.006214
TEST_0096,0.002253
TEST_0097,0.000823
TEST_0098,0.4736
TEST_0099,0.2588
TEST_0100,0.1406
TEST_0101,0.000642
TEST_0102,0.000532
TEST_0103,0.000369
TEST_0104,0.03653
TEST_0105,0.002928
TEST_0106,0.001364
TEST_0107,0.5
TEST_0108,0.2668
TEST_0109,0.2524
TEST_0110,0.2074
TEST_0111,0.04926
TEST_0112,0.001574
TEST_0113,0.00917
TEST_0114,0.256
TEST_0115,0.01865
TEST_0116,0.262
TEST_0117,0.006565
TEST_0118,0.1763
TEST_0119,0.00306
TEST_0120,0.00242
TEST_0121,0.000787
TEST_0122,0.2329
TEST_0123,0.357
TEST_0124,0.001701
TEST_0125,0.456
TEST_0126,0.001303
TEST_0127,0.01212
TEST_0128,0.0217
TEST_0129,0.4014
TEST_0130,0.001488
TEST_0131,0.45
TEST_0132,0.0007524
TEST_0133,0.02805
TEST_0134,0.0445
TEST_0135,0.1202
TEST_0136,0.0005136
TEST_0137,0.001202
TEST_0138,0.3743
TEST_0139,0.001841
TEST_0140,0.003502
TEST_0141,0.002256
TEST_0142,0.0673
TEST_0143,0.004326
TEST_0144,0.004837
TEST_0145,0.01317
TEST_0146,0.03035
TEST_0147,0.2668
TEST_0148,0.000745
TEST_0149,0.5
TEST_0150,0.5
TEST_0151,0.2607
TEST_0152,0.00891
TEST_0153,0.076
TEST_0154,0.4712
TEST_0155,0.499
TEST_0156,0.10333
TEST_0157,0.1803
TEST_0158,0.11566
TEST_0159,0.008644
TEST_0160,0.00408
TEST_0161,0.001484
TEST_0162,0.000779
TEST_0163,0.000776
TEST_0164,0.0006413
TEST_0165,0.000931
TEST_0166,0.1648
TEST_0167,0.000547
TEST_0168,0.0008993
TEST_0169,0.01352
TEST_0170,0.2487
TEST_0171,0.002472
TEST_0172,0.496
TEST_0173,0.001074
TEST_0174,0.4998
TEST_0175,0.2286
TEST_0176,0.001421
TEST_0177,0.000936
TEST_0178,0.0010605
TEST_0179,0.0008593
TEST_0180,0.429
TEST_0181,0.01949
TEST_0182,0.4976
TEST_0183,0.5
TEST_0184,0.265
TEST_0185,0.478
TEST_0186,0.2566
TEST_0187,0.0041
TEST_0188,0.27
TEST_0189,0.001679
TEST_0190,0.1521
TEST_0191,0.004723
TEST_0192,0.5
TEST_0193,0.002678
TEST_0194,0.0004926
TEST_0195,0.01312
TEST_0196,0.003279
TEST_0197,0.4995
TEST_0198,0.4888
TEST_0199,0.5
TEST_0200,0.002615
TEST_0201,0.2239
TEST_0202,0.006012
TEST_0203,0.000782
TEST_0204,0.00685
TEST_0205,0.000766
TEST_0206,0.4324
TEST_0207,0.001663
TEST_0208,0.001382
TEST_0209,0.2751
TEST_0210,0.0005474
TEST_0211,0.001374
TEST_0212,0.2634
TEST_0213,0.4966
TEST_0214,0.002264
TEST_0215,0.2585
TEST_0216,0.02168
TEST_0217,0.1715
TEST_0218,0.003141
TEST_0219,0.4995
TEST_0220,0.472
TEST_0221,0.1365
TEST_0222,0.00925
TEST_0223,0.04074
TEST_0224,0.499
TEST_0225,0.001216
TEST_0226,0.0008936
TEST_0227,0.001587
TEST_0228,0.1868
TEST_0229,0.000703
TEST_0230,0.0014715
TEST_0231,0.3147
TEST_0232,0.4998
TEST_0233,0.2856
TEST_0234,0.0008397
TEST_0235,0.00165
TEST_0236,0.1808
TEST_0237,0.005116
TEST_0238,0.0003953
TEST_0239,0.000828
TEST_0240,0.4985
TEST_0241,0.000659
TEST_0242,0.000462
TEST_0243,0.004414
TEST_0244,0.0005827
TEST_0245,0.0004506
TEST_0246,0.006958
TEST_0247,0.4536
TEST_0248,0.4998
TEST_0249,0.0008736
TEST_0250,0.0531
TEST_0251,0.2566
TEST_0252,0.0007334
TEST_0253,0.004353
TEST_0254,0.0191
TEST_0255,0.1516
TEST_0256,0.2551
TEST_0257,0.496
TEST_0258,0.001593
TEST_0259,0.005264
TEST_0260,0.03467
TEST_0261,0.001143
TEST_0262,0.002382
TEST_0263,0.015076
TEST_0264,0.01956
TEST_0265,0.01301
TEST_0266,0.4019
TEST_0267,0.0004735
TEST_0268,0.00605
TEST_0269,0.0006332
TEST_0270,0.00917
TEST_0271,0.00583
TEST_0272,0.0007014
TEST_0273,0.002897
TEST_0274,0.3955
TEST_0275,0.03412
TEST_0276,0.0005026
TEST_0277,0.0005903
TEST_0278,0.001275
TEST_0279,0.2742
TEST_0280,0.0213
TEST_0281,0.0007677
TEST_0282,0.0003924
TEST_0283,0.00098
TEST_0284,0.000525
TEST_0285,0.000767
TEST_0286,0.5
TEST_0287,0.001202
TEST_0288,0.4998
TEST_0289,0.1184
TEST_0290,0.07263
TEST_0291,0.000703
TEST_0292,0.4985
TEST_0293,0.00403
TEST_0294,0.002045
TEST_0295,0.000698
TEST_0296,0.003654
TEST_0297,0.0015335
TEST_0298,0.5
TEST_0299,0.1404
TEST_0300,0.261
TEST_0301,0.4998
TEST_0302,0.4912
TEST_0303,0.09326
TEST_0304,0.0006676
TEST_0305,0.001848
TEST_0306,0.001926
TEST_0307,0.2247
TEST_0308,0.002981
TEST_0309,0.04614
TEST_0310,0.2717
TEST_0311,0.4993
TEST_0312,0.002625
TEST_0313,0.4917
TEST_0314,0.004093
TEST_0315,0.00409
TEST_0316,0.0005436
TEST_0317,0.4995
TEST_0318,0.4998
TEST_0319,0.000931
TEST_0320,0.00135
TEST_0321,0.4998
TEST_0322,0.2644
TEST_0323,0.00262
TEST_0324,0.4917
TEST_0325,0.2404
TEST_0326,0.003048
TEST_0327,0.499
TEST_0328,0.4998
TEST_0329,0.1334
TEST_0330,0.0572
TEST_0331,0.0006
TEST_0332,0.001305
TEST_0333,0.4934
TEST_0334,0.02525
TEST_0335,0.0004508
TEST_0336,0.4985
TEST_0337,0.012505
TEST_0338,0.000518
TEST_0339,0.1194
TEST_0340,0.2715
TEST_0341,0.329
TEST_0342,0.482
TEST_0343,0.499
TEST_0344,0.00797
TEST_0345,0.4998
TEST_0346,0.4858
TEST_0347,0.005028
TEST_0348,0.002016
TEST_0349,0.4998
TEST_0350,0.499
TEST_0351,0.4998
TEST_0352,0.4797
TEST_0353,0.0976
TEST_0354,0.4932
TEST_0355,0.2544
TEST_0356,0.267
TEST_0357,0.001188
TEST_0358,0.002466
TEST_0359,0.1555
TEST_0360,0.01582
TEST_0361,0.4028
TEST_0362,0.00233
TEST_0363,0.3496
TEST_0364,0.00713
TEST_0365,0.0829
TEST_0366,0.2722
TEST_0367,0.002937
TEST_0368,0.497
TEST_0369,0.02177
TEST_0370,0.2537
TEST_0371,0.006706
TEST_0372,0.05573
TEST_0373,0.05396
TEST_0374,0.2986
TEST_0375,0.001867
TEST_0376,0.2544
TEST_0377,0.4998
TEST_0378,0.3435
TEST_0379,0.3203
TEST_0380,0.2637
TEST_0381,0.5
TEST_0382,0.5
TEST_0383,0.4937
TEST_0384,0.3
TEST_0385,0.0689
TEST_0386,0.003138
TEST_0387,0.2517
TEST_0388,0.0006676
TEST_0389,0.2563
TEST_0390,0.001751
TEST_0391,0.4995
TEST_0392,0.4692
TEST_0393,0.006084
TEST_0394,0.475
TEST_0395,0.4995
TEST_0396,0.2908
TEST_0397,0.499
TEST_0398,0.0549
TEST_0399,0.007416
TEST_0400,0.2593
TEST_0401,0.2524
TEST_0402,0.02126
TEST_0403,0.2532
TEST_0404,0.5
TEST_0405,0.0798
TEST_0406,0.4946
TEST_0407,0.2644
TEST_0408,0.00815
TEST_0409,0.2277
TEST_0410,0.2537
TEST_0411,0.3809
TEST_0412,0.498
TEST_0413,0.03366
TEST_0414,0.002182
TEST_0415,0.4893
TEST_0416,0.001482
TEST_0417,0.4973
TEST_0418,0.279
TEST_0419,0.008766
TEST_0420,0.5
TEST_0421,0.1852
TEST_0422,0.2646
TEST_0423,0.272
TEST_0424,0.001392
TEST_0425,0.2654
TEST_0426,0.05496
TEST_0427,0.4282
TEST_0428,0.01491
TEST_0429,0.2551
TEST_0430,0.2598
TEST_0431,0.276
TEST_0432,0.004868
TEST_0433,0.4956
TEST_0434,0.2612
TEST_0435,0.4941
TEST_0436,0.4998
TEST_0437,0.5
TEST_0438,0.01546
TEST_0439,0.4976
TEST_0440,0.4998
TEST_0441,0.166
TEST_0442,0.257
TEST_0443,0.3403
TEST_0444,0.2578
TEST_0445,0.2507
TEST_0446,0.2578
TEST_0447,0.4968
TEST_0448,0.499
TEST_0449,0.2297
TEST_0450,0.4995
TEST_0451,0.301
TEST_0452,0.2683
TEST_0453,0.3047
TEST_0454,0.4995
TEST_0455,0.4695
TEST_0456,0.001556
TEST_0457,0.2644
TEST_0458,0.05078
TEST_0459,0.002556
TEST_0460,0.04874
TEST_0461,0.2213
TEST_0462,0.05524
TEST_0463,0.2935
TEST_0464,0.006706
TEST_0465,0.01198
TEST_0466,0.010475
TEST_0467,0.01181
TEST_0468,0.4998
TEST_0469,0.004578
TEST_0470,0.09644
TEST_0471,0.002964
TEST_0472,0.1176
TEST_0473,0.1539
TEST_0474,0.4998
TEST_0475,0.0007234
TEST_0476,0.004738
TEST_0477,0.1536
TEST_0478,0.2491
TEST_0479,0.4995
TEST_0480,0.000797
TEST_0481,0.0087
TEST_0482,0.01027
TEST_0483,0.4102
TEST_0484,0.2593
TEST_0485,0.2754
TEST_0486,0.5
TEST_0487,0.0669
TEST_0488,0.425
TEST_0489,0.005592
TEST_0490,0.2512
TEST_0491,0.12006
TEST_0492,0.4998
TEST_0493,0.258
TEST_0494,0.2542
TEST_0495,0.4797
TEST_0496,0.2537
TEST_0497,0.001932
TEST_0498,0.00133
TEST_0499,0.000768
TEST_0500,0.08875
TEST_0501,0.499
TEST_0502,0.00246
TEST_0503,0.4998
TEST_0504,0.4631
TEST_0505,0.423
TEST_0506,0.252
TEST_0507,0.0492
TEST_0508,0.002686
TEST_0509,0.4998
TEST_0510,0.5
TEST_0511,0.4998
TEST_0512,0.2445
TEST_0513,0.4941
TEST_0514,0.2476
TEST_0515,0.3354
TEST_0516,0.001491
TEST_0517,0.495
TEST_0518,0.4985
TEST_0519,0.1844
TEST_0520,0.0273
TEST_0521,0.255
TEST_0522,0.2537
TEST_0523,0.06573
TEST_0524,0.4998
TEST_0525,0.251
TEST_0526,0.2588
TEST_0527,0.4995
TEST_0528,0.07416
TEST_0529,0.002073
TEST_0530,0.05286
TEST_0531,0.02443
TEST_0532,0.2683
TEST_0533,0.191
TEST_0534,0.4497
TEST_0535,0.0542
TEST_0536,0.03073
TEST_0537,0.2382
TEST_0538,0.001921
TEST_0539,0.004448
TEST_0540,0.4087
TEST_0541,0.2603
TEST_0542,0.002016
TEST_0543,0.4988
TEST_0544,0.001728
TEST_0545,0.267
TEST_0546,0.4998
TEST_0547,0.405
TEST_0548,0.5
TEST_0549,0.00164
TEST_0550,0.00759
TEST_0551,0.2742
TEST_0552,0.001818
TEST_0553,0.02415
TEST_0554,0.000903
TEST_0555,0.014885
TEST_0556,0.000907
TEST_0557,0.001267
TEST_0558,0.00411
TEST_0559,0.0007057
TEST_0560,0.4785
TEST_0561,0.2786
TEST_0562,0.2588
TEST_0563,0.5
TEST_0564,0.26
TEST_0565,0.4937
TEST_0566,0.2478
TEST_0567,0.09155
TEST_0568,0.2568
TEST_0569,0.2388
TEST_0570,0.4993
TEST_0571,0.01756
TEST_0572,0.4998
TEST_0573,0.495
TEST_0574,0.001003
TEST_0575,0.000558
TEST_0576,0.4614
TEST_0577,0.0441
TEST_0578,0.1494
TEST_0579,0.002598
TEST_0580,0.4944
TEST_0581,0.000615
TEST_0582,0.001739
TEST_0583,0.359
TEST_0584,0.0024
TEST_0585,0.001316
TEST_0586,0.001886
TEST_0587,0.2421
TEST_0588,0.2605
TEST_0589,0.497
TEST_0590,0.265
TEST_0591,0.2751
TEST_0592,0.252
TEST_0593,0.5
TEST_0594,0.002222
TEST_0595,0.4995
TEST_0596,0.009674
TEST_0597,0.000605
TEST_0598,0.0003746
TEST_0599,0.003149
TEST_0600,0.02882
TEST_0601,0.0966
TEST_0602,0.01643
TEST_0603,0.002022
TEST_0604,0.001179
TEST_0605,0.4976
TEST_0606,0.0011425
TEST_0607,0.004375
TEST_0608,0.5
TEST_0609,0.0006857
TEST_0610,0.00366
TEST_0611,0.2693
TEST_0612,0.03616
TEST_0613,0.01593
TEST_0614,0.003359
TEST_0615,0.001347
TEST_0616,0.0006638
TEST_0617,0.4917
TEST_0618,0.2666
TEST_0619,0.498
TEST_0620,0.0324
TEST_0621,0.2585
TEST_0622,0.4
TEST_0623,0.00214
TEST_0624,0.04102
TEST_0625,0.181
TEST_0626,0.0007224
TEST_0627,0.1516
TEST_0628,0.000911
TEST_0629,0.00541
TEST_0630,0.01213
TEST_0631,0.01965
TEST_0632,0.178
TEST_0633,0.01161
TEST_0634,0.00972
TEST_0635,0.001072
TEST_0636,0.000649
TEST_0637,0.1171
TEST_0638,0.003128
TEST_0639,0.01797
TEST_0640,0.003357
TEST_0641,0.01271
TEST_0642,0.312
TEST_0643,0.01918
TEST_0644,0.498
TEST_0645,0.1936
TEST_0646,0.0151
TEST_0647,0.04898
TEST_0648,0.00791
TEST_0649,0.163
TEST_0650,0.009415
TEST_0651,0.000888
TEST_0652,0.02399
TEST_0653,0.1249
TEST_0654,0.001909
TEST_0655,0.00229
TEST_0656,0.2101
TEST_0657,0.005283
TEST_0658,0.005585
TEST_0659,0.002426
TEST_0660,0.0007744
TEST_0661,0.000655
TEST_0662,0.2627
TEST_0663,0.498
TEST_0664,0.4995
TEST_0665,0.2544
TEST_0666,0.4133
TEST_0667,0.2544
TEST_0668,0.397
TEST_0669,0.2505
TEST_0670,0.4846
TEST_0671,0.2664
TEST_0672,0.2703
TEST_0673,0.271
TEST_0674,0.01857
TEST_0675,0.2708
TEST_0676,0.4988
TEST_0677,0.253
TEST_0678,0.01852
TEST_0679,0.1455
TEST_0680,0.1293
TEST_0681,0.4998
TEST_0682,0.5
TEST_0683,0.4988
TEST_0684,0.0377
TEST_0685,0.01069
TEST_0686,0.4995
TEST_0687,0.01041
TEST_0688,0.344
TEST_0689,0.065
TEST_0690,0.2433
TEST_0691,0.2722
TEST_0692,0.2827
TEST_0693,0.4976
TEST_0694,0.00423
TEST_0695,0.397
TEST_0696,0.4995
TEST_0697,0.2451
TEST_0698,0.4988
TEST_0699,0.01043
TEST_0700,0.4585
TEST_0701,0.2744
TEST_0702,0.0374
TEST_0703,0.258
TEST_0704,0.04678
TEST_0705,0.4998
TEST_0706,0.2717
TEST_0707,0.497
TEST_0708,0.07434
TEST_0709,0.5
TEST_0710,0.4998
TEST_0711,0.4998
TEST_0712,0.495
TEST_0713,0.4993
TEST_0714,0.000784
TEST_0715,0.003105
TEST_0716,0.2214
TEST_0717,0.0787
TEST_0718,0.484
TEST_0719,0.4556
TEST_0720,0.1964
TEST_0721,0.2391
TEST_0722,0.4658
TEST_0723,0.265
TEST_0724,0.283
TEST_0725,0.2605
TEST_0726,0.003857
TEST_0727,0.254
TEST_0728,0.0009184
TEST_0729,0.01605
TEST_0730,0.000861
TEST_0731,0.001815
TEST_0732,0.4983
TEST_0733,0.2656
TEST_0734,0.4993
TEST_0735,0.4766
TEST_0736,0.002533
TEST_0737,0.00406
TEST_0738,0.1073
TEST_0739,0.4998
TEST_0740,0.4985
TEST_0741,0.01389
TEST_0742,0.1682
TEST_0743,0.4998
TEST_0744,0.006336
TEST_0745,0.00929
TEST_0746,0.0005026
TEST_0747,0.1694
TEST_0748,0.5
TEST_0749,0.4998
TEST_0750,0.001701
TEST_0751,0.001387
TEST_0752,0.2993
TEST_0753,0.4985
TEST_0754,0.4998
TEST_0755,0.0012
TEST_0756,0.001774
TEST_0757,0.263
TEST_0758,0.4998
TEST_0759,0.01653
TEST_0760,0.4927
TEST_0761,0.4565
TEST_0762,0.2583
TEST_0763,0.2502
TEST_0764,0.01145
TEST_0765,0.1876
TEST_0766,0.167
TEST_0767,0.02208
TEST_0768,0.1359
TEST_0769,0.07666
TEST_0770,0.03296
TEST_0771,0.00921
TEST_0772,0.4995
TEST_0773,0.003107
TEST_0774,0.2766
TEST_0775,0.498
TEST_0776,0.0856
TEST_0777,0.003616
TEST_0778,0.0007706
TEST_0779,0.00859
TEST_0780,0.03986
TEST_0781,0.5
TEST_0782,0.001751
TEST_0783,0.02089
TEST_0784,0.3708
TEST_0785,0.0605
TEST_0786,0.001399
TEST_0787,0.04318
TEST_0788,0.001471
TEST_0789,0.006996
TEST_0790,0.000876
TEST_0791,0.497
TEST_0792,0.000813
TEST_0793,0.0129
TEST_0794,0.0005817
TEST_0795,0.07336
TEST_0796,0.4966
TEST_0797,0.2502
TEST_0798,0.3247
TEST_0799,0.0224
TEST_0800,0.1696
TEST_0801,0.499
TEST_0802,0.2505
TEST_0803,0.4998
TEST_0804,0.0787
TEST_0805,0.005157
TEST_0806,0.001511
TEST_0807,0.003769
TEST_0808,0.003159
TEST_0809,0.4998
TEST_0810,0.497
TEST_0811,0.0434
TEST_0812,0.1748
TEST_0813,0.01218
TEST_0814,0.2432
TEST_0815,0.00429
TEST_0816,0.44
TEST_0817,0.267
TEST_0818,0.27
TEST_0819,0.2944
TEST_0820,0.4878
TEST_0821,0.04517
TEST_0822,0.4858
TEST_0823,0.00474
TEST_0824,0.002998
TEST_0825,0.001066
TEST_0826,0.3064
TEST_0827,0.002327
TEST_0828,0.2355
TEST_0829,0.01823
TEST_0830,0.0441
TEST_0831,0.001616
TEST_0832,0.4976
TEST_0833,0.4998
TEST_0834,0.4995
TEST_0835,0.4614
TEST_0836,0.4998
TEST_0837,0.2332
TEST_0838,0.2285
TEST_0839,0.002216
TEST_0840,0.01256
TEST_0841,0.04913
TEST_0842,0.4995
TEST_0843,0.4985
TEST_0844,0.254
TEST_0845,0.004055
TEST_0846,0.007442
TEST_0847,0.002617
TEST_0848,0.001412
TEST_0849,0.5
TEST_0850,0.4817
TEST_0851,0.013214
TEST_0852,0.4995
TEST_0853,0.001453
TEST_0854,0.4998
TEST_0855,0.000968
TEST_0856,0.000773
TEST_0857,0.0016575
TEST_0858,0.00701
TEST_0859,0.4978
TEST_0860,0.499
TEST_0861,0.001558
TEST_0862,0.01337
TEST_0863,0.254
TEST_0864,0.001224
TEST_0865,0.4973
TEST_0866,0.000819
TEST_0867,0.493
TEST_0868,0.1219
TEST_0869,0.499
TEST_0870,0.4927
TEST_0871,0.4917
TEST_0872,0.004192
TEST_0873,0.003838
TEST_0874,0.002232
TEST_0875,0.499
TEST_0876,0.009834
TEST_0877,0.4993
TEST_0878,0.495
TEST_0879,0.4998
TEST_0880,0.227
TEST_0881,0.01762
TEST_0882,0.2856
TEST_0883,0.412
TEST_0884,0.4998
TEST_0885,0.002495
TEST_0886,0.5
TEST_0887,0.001286
TEST_0888,0.4966
TEST_0889,0.5
TEST_0890,0.002121
TEST_0891,0.5
TEST_0892,0.4998
TEST_0893,0.2559
TEST_0894,0.022
TEST_0895,0.2666
TEST_0896,0.0014105
TEST_0897,0.4998
TEST_0898,0.0395
TEST_0899,0.2815
TEST_0900,0.4993
TEST_0901,0.02725
TEST_0902,0.00612
TEST_0903,0.498
TEST_0904,0.4998
TEST_0905,0.02539
TEST_0906,0.04855
TEST_0907,0.4995
TEST_0908,0.2996
TEST_0909,0.000633
TEST_0910,0.499
TEST_0911,0.002325
TEST_0912,0.0003557
TEST_0913,0.261
TEST_0914,0.001695
TEST_0915,0.00194
TEST_0916,0.00877
TEST_0917,0.499
TEST_0918,0.4998
TEST_0919,0.2812
TEST_0920,0.0537
TEST_0921,0.2646
TEST_0922,0.0008926
TEST_0923,0.2703
TEST_0924,0.4722
TEST_0925,0.256
TEST_0926,0.48
TEST_0927,0.4998
TEST_0928,0.08936
TEST_0929,0.4956
TEST_0930,0.4985
TEST_0931,0.5
TEST_0932,0.5
TEST_0933,0.00521
TEST_0934,0.2502
TEST_0935,0.0482
TEST_0936,0.2766
TEST_0937,0.4995
TEST_0938,0.5
TEST_0939,0.2405
TEST_0940,0.03253
TEST_0941,0.245
TEST_0942,0.499
TEST_0943,0.255
TEST_0944,0.5
TEST_0945,0.2786
TEST_0946,0.4998
TEST_0947,0.3833
TEST_0948,0.01897
TEST_0949,0.4998
TEST_0950,0.2389
TEST_0951,0.4734
TEST_0952,0.00842
TEST_0953,0.001726
TEST_0954,0.00212
TEST_0955,0.2598
TEST_0956,0.3013
TEST_0957,0.261
TEST_0958,0.2615
TEST_0959,0.4998
TEST_0960,0.00701
TEST_0961,0.4985
TEST_0962,0.013626
TEST_0963,0.000782
TEST_0964,0.4998
TEST_0965,0.1395
TEST_0966,0.002188
TEST_0967,0.2197
TEST_0968,0.4927
TEST_0969,0.2725
TEST_0970,0.4878
TEST_0971,0.0596
TEST_0972,0.2532
TEST_0973,0.2507
TEST_0974,0.461
TEST_0975,0.2537
TEST_0976,0.02867
TEST_0977,0.497
TEST_0978,0.4998
TEST_0979,0.0004144
TEST_0980,0.5
TEST_0981,0.4868
TEST_0982,0.392
TEST_0983,0.000519
TEST_0984,0.002651
TEST_0985,0.001497
TEST_0986,0.00871
TEST_0987,0.00124
TEST_0988,0.4998
TEST_0989,0.497
TEST_0990,0.2605
TEST_0991,0.4988
TEST_0992,0.004303
TEST_0993,0.269
TEST_0994,0.01306
TEST_0995,0.05362
TEST_0996,0.06146
TEST_0997,0.4995
TEST_0998,0.4998
TEST_0999,0.2527
TEST_1000,0.4998
TEST_1001,0.03098
TEST_1002,0.2363
TEST_1003,0.002995
TEST_1004,0.5
TEST_1005,0.01034
TEST_1006,0.02545
TEST_1007,0.2554
TEST_1008,0.4863
TEST_1009,0.2595
TEST_1010,0.5
TEST_1011,0.4277
TEST_1012,0.4995
TEST_1013,0.007656
TEST_1014,0.0463
TEST_1015,0.001097
TEST_1016,0.5
TEST_1017,0.285
TEST_1018,0.001476
TEST_1019,0.001428
TEST_1020,0.001026
TEST_1021,0.0006185
TEST_1022,0.2273
TEST_1023,0.0209
TEST_1024,0.001044
TEST_1025,0.007416
TEST_1026,0.5
TEST_1027,0.261
TEST_1028,0.2573
TEST_1029,0.4995
TEST_1030,0.4407
TEST_1031,0.4998
TEST_1032,0.3315
TEST_1033,0.2595
TEST_1034,0.4998
TEST_1035,0.1232
TEST_1036,0.0905
TEST_1037,0.4998
TEST_1038,0.4995
TEST_1039,0.2256
TEST_1040,0.4995
TEST_1041,0.00623
TEST_1042,0.4998
TEST_1043,0.4998
TEST_1044,0.4998
TEST_1045,0.295
TEST_1046,0.499
TEST_1047,0.2568
TEST_1048,0.4998
TEST_1049,0.4922
TEST_1050,0.4998
TEST_1051,0.02835
TEST_1052,0.4993
TEST_1053,0.2737
TEST_1054,0.00331
TEST_1055,0.00946
TEST_1056,0.4985
TEST_1057,0.003983
TEST_1058,0.00489
TEST_1059,0.4998
TEST_1060,0.0454
TEST_1061,0.4949
TEST_1062,0.5
TEST_1063,0.499
TEST_1064,0.5
TEST_1065,0.254
TEST_1066,0.2566
TEST_1067,0.02866
TEST_1068,0.1302
TEST_1069,0.001292
TEST_1070,0.003698
TEST_1071,0.2563
TEST_1072,0.2546
TEST_1073,0.5
TEST_1074,0.5
TEST_1075,0.000707
TEST_1076,0.00215
TEST_1077,0.001297
TEST_1078,0.001476
TEST_1079,0.000879
TEST_1080,0.003052
TEST_1081,0.0004804
TEST_1082,0.136
TEST_1083,0.4985
TEST_1084,0.2198
TEST_1085,0.498
TEST_1086,0.2654
TEST_1087,0.2727
TEST_1088,0.4993
TEST_1089,0.5
TEST_1090,0.2632
TEST_1091,0.4998
TEST_1092,0.12427
TEST_1093,0.4404
TEST_1094,0.0333
TEST_1095,0.2542
TEST_1096,0.4978
TEST_1097,0.4998
TEST_1098,0.00441
TEST_1099,0.2598
TEST_1100,0.5
TEST_1101,0.4983
TEST_1102,0.4998
TEST_1103,0.498
TEST_1104,0.497
TEST_1105,0.2408
TEST_1106,0.2937
TEST_1107,0.4988
TEST_1108,0.3354
TEST_1109,0.5
TEST_1110,0.2544
TEST_1111,0.4976
TEST_1112,0.000491
TEST_1113,0.04346
TEST_1114,0.00827
TEST_1115,0.4998
TEST_1116,0.0010195
TEST_1117,0.5
TEST_1118,0.001215
TEST_1119,0.4995
TEST_1120,0.05713
TEST_1121,0.0007133
TEST_1122,0.4998
TEST_1123,0.4976
TEST_1124,0.000605
TEST_1125,0.499
TEST_1126,0.001142
TEST_1127,0.2094
TEST_1128,0.01627
TEST_1129,0.2023
TEST_1130,0.01041
TEST_1131,0.00556
TEST_1132,0.2505
TEST_1133,0.496
TEST_1134,0.006756
TEST_1135,0.3208
TEST_1136,0.5
TEST_1137,0.2654
TEST_1138,0.4995
TEST_1139,0.00239
TEST_1140,0.2766
TEST_1141,0.4995
TEST_1142,0.4978
TEST_1143,0.00154
TEST_1144,0.001828
TEST_1145,0.01213
TEST_1146,0.001707
TEST_1147,0.01327
TEST_1148,0.4998
TEST_1149,0.4995
TEST_1150,0.001416
TEST_1151,0.4995
TEST_1152,0.00225
TEST_1153,0.4893
TEST_1154,0.4998
TEST_1155,0.4998
TEST_1156,0.4998
TEST_1157,0.5
TEST_1158,0.5
TEST_1159,0.4995
TEST_1160,0.00511
TEST_1161,0.1602
TEST_1162,0.1664
TEST_1163,0.2522
TEST_1164,0.4998
TEST_1165,0.4995
TEST_1166,0.4998
TEST_1167,0.02873
TEST_1168,0.00849
TEST_1169,0.267
TEST_1170,0.4995
TEST_1171,0.4995
TEST_1172,0.004044
TEST_1173,0.498
TEST_1174,0.01833
TEST_1175,0.4995
TEST_1176,0.495
TEST_1177,0.00984
TEST_1178,0.4995
TEST_1179,0.499
TEST_1180,0.003504
TEST_1181,0.0691
TEST_1182,0.4993
TEST_1183,0.4995
TEST_1184,0.1652
TEST_1185,0.4492
TEST_1186,0.498
TEST_1187,0.4998
TEST_1188,0.00652
TEST_1189,0.001939
TEST_1190,0.000805
TEST_1191,0.00113
TEST_1192,0.001621
TEST_1193,0.2534
TEST_1194,0.000653
TEST_1195,0.004208
TEST_1196,0.000791
TEST_1197,0.4973
TEST_1198,0.256
TEST_1199,0.1654
TEST_1200,0.5
TEST_1201,0.4922
TEST_1202,0.4998
TEST_1203,0.4995
TEST_1204,0.00433
TEST_1205,0.4998
TEST_1206,0.01526
TEST_1207,0.4995
TEST_1208,0.4844
TEST_1209,0.46
TEST_1210,0.01694
TEST_1211,0.5
TEST_1212,0.000826
TEST_1213,0.002075
TEST_1214,0.01127
TEST_1215,0.497
TEST_1216,0.4998
TEST_1217,0.27
TEST_1218,0.2651
TEST_1219,0.01593
TEST_1220,0.001028
TEST_1221,0.4995
TEST_1222,0.2637
TEST_1223,0.0781
TEST_1224,0.4998
TEST_1225,0.00211
TEST_1226,0.4736
TEST_1227,0.4998
TEST_1228,0.003613
TEST_1229,0.5
TEST_1230,0.288
TEST_1231,0.2634
TEST_1232,0.00352
TEST_1233,0.4775
TEST_1234,0.4995
TEST_1235,0.01347
TEST_1236,0.2551
TEST_1237,0.06155
TEST_1238,0.001556
TEST_1239,0.04224
TEST_1240,0.2583
TEST_1241,0.005997
TEST_1242,0.005234
TEST_1243,0.4998
TEST_1244,0.1713
TEST_1245,0.2559
TEST_1246,0.262
TEST_1247,0.03888
TEST_1248,0.001499
TEST_1249,0.00197
TEST_1250,0.05487
TEST_1251,0.005714
TEST_1252,0.0005455
TEST_1253,0.5
TEST_1254,0.5
TEST_1255,0.004753
TEST_1256,0.5
TEST_1257,0.1722
TEST_1258,0.2487
TEST_1259,0.266
TEST_1260,0.4995
TEST_1261,0.2445
TEST_1262,0.4998
TEST_1263,0.005352
TEST_1264,0.0193
TEST_1265,0.2473
TEST_1266,0.2686
TEST_1267,0.4998
TEST_1268,0.273
TEST_1269,0.2369
TEST_1270,0.1642
TEST_1271,0.268
TEST_1272,0.2551
TEST_1273,0.4983
TEST_1274,0.258
TEST_1275,0.4995
TEST_1276,0.2234
TEST_1277,0.0444
TEST_1278,0.002975
TEST_1279,0.255
TEST_1280,0.001224
TEST_1281,0.001626
TEST_1282,0.0225
TEST_1283,0.499
TEST_1284,0.2615
TEST_1285,0.4998
TEST_1286,0.0035
TEST_1287,0.26
TEST_1288,0.254
TEST_1289,0.4998
TEST_1290,0.2177
TEST_1291,0.4968
TEST_1292,0.2517
TEST_1293,0.456
TEST_1294,0.005585
TEST_1295,0.2546
TEST_1296,0.01663
TEST_1297,0.002106
TEST_1298,0.00398
TEST_1299,0.435
TEST_1300,0.010605
TEST_1301,0.5
TEST_1302,0.26
TEST_1303,0.5
TEST_1304,0.4607
TEST_1305,0.4932
TEST_1306,0.00107
TEST_1307,0.4985
TEST_1308,0.442
TEST_1309,0.2493
TEST_1310,0.2522
TEST_1311,0.2517
TEST_1312,0.0702
TEST_1313,0.5
TEST_1314,0.02028
TEST_1315,0.4998
TEST_1316,0.2705
TEST_1317,0.013176
TEST_1318,0.4873
TEST_1319,0.274
TEST_1320,0.001698
TEST_1321,0.5
TEST_1322,0.3228
TEST_1323,0.4993
TEST_1324,0.4998
TEST_1325,0.4998
TEST_1326,0.2986
TEST_1327,0.4668
TEST_1328,0.017
TEST_1329,0.06506
TEST_1330,0.003933
TEST_1331,0.5
TEST_1332,0.4995
TEST_1333,0.001529
TEST_1334,0.2578
TEST_1335,0.2615
TEST_1336,0.01305
TEST_1337,0.2576
TEST_1338,0.01474
TEST_1339,0.4998
TEST_1340,0.007298
TEST_1341,0.255
TEST_1342,0.5
TEST_1343,0.2275
TEST_1344,0.5
TEST_1345,0.4995
TEST_1346,0.0341
TEST_1347,0.5
TEST_1348,0.4998
TEST_1349,0.0007706
TEST_1350,0.0008698
TEST_1351,0.02643
TEST_1352,0.2576
TEST_1353,0.001464
TEST_1354,0.4993
TEST_1355,0.05966
TEST_1356,0.4998
TEST_1357,0.4688
TEST_1358,0.5
TEST_1359,0.427
TEST_1360,0.1707
TEST_1361,0.3198
TEST_1362,0.498
TEST_1363,0.5
TEST_1364,0.4995
TEST_1365,0.255
TEST_1366,0.2477
TEST_1367,0.002647
TEST_1368,0.001018
TEST_1369,0.0094
TEST_1370,0.2617
TEST_1371,0.0957
TEST_1372,0.4995
TEST_1373,0.4395
TEST_1374,0.4976
TEST_1375,0.4998
TEST_1376,0.02827
TEST_1377,0.4998
TEST_1378,0.2133
TEST_1379,0.5
TEST_1380,0.437
TEST_1381,0.5
TEST_1382,0.1947
TEST_1383,0.4937
TEST_1384,0.4937
TEST_1385,0.00489
TEST_1386,0.001166
TEST_1387,0.2512
TEST_1388,0.2573
TEST_1389,0.4998
TEST_1390,0.1725
TEST_1391,0.4995
TEST_1392,0.2441
TEST_1393,0.4995
TEST_1394,0.499
TEST_1395,0.5
TEST_1396,0.001441
TEST_1397,0.007317
TEST_1398,0.329
TEST_1399,0.4998
TEST_1400,0.08344
TEST_1401,0.00966
TEST_1402,0.2659
TEST_1403,0.2595
TEST_1404,0.007317
TEST_1405,0.4998
TEST_1406,0.2688
TEST_1407,0.2477
TEST_1408,0.2563
TEST_1409,0.257
TEST_1410,0.012054
TEST_1411,0.003235
TEST_1412,0.264
TEST_1413,0.01616
TEST_1414,0.2231
TEST_1415,0.447
TEST_1416,0.002075
TEST_1417,0.000343
TEST_1418,0.000615
TEST_1419,0.06033
TEST_1420,0.003906
TEST_1421,0.00049
TEST_1422,0.002054
TEST_1423,0.000342
TEST_1424,0.2544
TEST_1425,0.010796
TEST_1426,0.002274
TEST_1427,0.2708
TEST_1428,0.2062
TEST_1429,0.009995
TEST_1430,0.03113
TEST_1431,0.007042
TEST_1432,0.2435
TEST_1433,0.2559
TEST_1434,0.006104
TEST_1435,0.2568
TEST_1436,0.2588
TEST_1437,0.4998
TEST_1438,0.268
TEST_1439,0.264
TEST_1440,0.078
TEST_1441,0.3499
TEST_1442,0.004356
TEST_1443,0.2622
TEST_1444,0.4956
TEST_1445,0.4014
TEST_1446,0.2646
TEST_1447,0.2578
TEST_1448,0.499
TEST_1449,0.00937
TEST_1450,0.01377
TEST_1451,0.007454
TEST_1452,0.1126
TEST_1453,0.2576
TEST_1454,0.4893
TEST_1455,0.08813
TEST_1456,0.2573
TEST_1457,0.02313
TEST_1458,0.001807
TEST_1459,0.254
TEST_1460,0.4998
TEST_1461,0.26
TEST_1462,0.258
TEST_1463,0.2598
TEST_1464,0.006817
TEST_1465,0.4985
TEST_1466,0.2338
TEST_1467,0.235
TEST_1468,0.1736
TEST_1469,0.03387
TEST_1470,0.498
TEST_1471,0.2566
TEST_1472,0.0592
TEST_1473,0.4995
TEST_1474,0.00191
TEST_1475,0.01182
TEST_1476,0.3691
TEST_1477,0.002497
TEST_1478,0.06915
TEST_1479,0.02718
TEST_1480,0.2147
TEST_1481,0.1652
TEST_1482,0.2534
TEST_1483,0.2664
TEST_1484,0.4563
TEST_1485,0.2468
TEST_1486,0.00897
TEST_1487,0.001259
TEST_1488,0.001644
TEST_1489,0.2642
TEST_1490,0.209
TEST_1491,0.2917
TEST_1492,0.002522
TEST_1493,0.2627
TEST_1494,0.4995
TEST_1495,0.04025
TEST_1496,0.01897
TEST_1497,0.01918
TEST_1498,0.000906
TEST_1499,0.003681
TEST_1500,0.010925
TEST_1501,0.2502
TEST_1502,0.00148
TEST_1503,0.00237
TEST_1504,0.1707
TEST_1505,0.2137
TEST_1506,0.02725
TEST_1507,0.0064
TEST_1508,0.4995
TEST_1509,0.00471
TEST_1510,0.2563
TEST_1511,0.1862
TEST_1512,0.005074
TEST_1513,0.2544
TEST_1514,0.000683
TEST_1515,0.1913
TEST_1516,0.03032
TEST_1517,0.000721
TEST_1518,0.00172
TEST_1519,0.2646
TEST_1520,0.003569
TEST_1521,0.003868
TEST_1522,0.0564
TEST_1523,0.003826
TEST_1524,0.002026
TEST_1525,0.001993
TEST_1526,0.002293
TEST_1527,0.4978
TEST_1528,0.014084
TEST_1529,0.00246
TEST_1530,0.2517
TEST_1531,0.3877
TEST_1532,0.3472
TEST_1533,0.02046
TEST_1534,0.3938
TEST_1535,0.002365
TEST_1536,0.3103
TEST_1537,0.478
TEST_1538,0.271
TEST_1539,0.0894
TEST_1540,0.2554
TEST_1541,0.002028
TEST_1542,0.4973
TEST_1543,0.01628
TEST_1544,0.00882
TEST_1545,0.002012
TEST_1546,0.0716
TEST_1547,0.0013685
TEST_1548,0.001753
TEST_1549,0.2566
TEST_1550,0.04218
TEST_1551,0.0225
TEST_1552,0.0005426
TEST_1553,0.2612
TEST_1554,0.1832
TEST_1555,0.00732
TEST_1556,0.1123
TEST_1557,0.2576
TEST_1558,0.00592
TEST_1559,0.04
TEST_1560,0.1164
TEST_1561,0.2847
TEST_1562,0.1698
TEST_1563,0.000622
TEST_1564,0.001945
TEST_1565,0.483
TEST_1566,0.002558
TEST_1567,0.1593
TEST_1568,0.254
TEST_1569,0.331
TEST_1570,0.02051
TEST_1571,0.00606
TEST_1572,0.5
TEST_1573,0.2612
TEST_1574,0.156
TEST_1575,0.001318
TEST_1576,0.002636
TEST_1577,0.01773
TEST_1578,0.1282
TEST_1579,0.4998
TEST_1580,0.1216
TEST_1581,0.00857
TEST_1582,0.10364
TEST_1583,0.00577
TEST_1584,0.02832
TEST_1585,0.03925
TEST_1586,0.2448
TEST_1587,0.0636
TEST_1588,0.0022
TEST_1589,0.1792
TEST_1590,0.00884
TEST_1591,0.2467
TEST_1592,0.09436
TEST_1593,0.00102
TEST_1594,0.4998
TEST_1595,0.4998
TEST_1596,0.277
TEST_1597,0.4995
TEST_1598,0.2766
TEST_1599,0.3418
TEST_1600,0.2612
TEST_1601,0.2659
TEST_1602,0.2546
TEST_1603,0.2654
TEST_1604,0.2896
TEST_1605,0.001124
TEST_1606,0.1117
TEST_1607,0.2952
TEST_1608,0.4968
TEST_1609,0.2615
TEST_1610,0.02393
TEST_1611,0.09875
TEST_1612,0.23
TEST_1613,0.12213
TEST_1614,0.2408
TEST_1615,0.265
TEST_1616,0.2646
TEST_1617,0.04697
TEST_1618,0.02896
TEST_1619,0.2612
TEST_1620,0.00858
TEST_1621,0.2291
TEST_1622,0.499
TEST_1623,0.256
TEST_1624,0.252
TEST_1625,0.1545
TEST_1626,0.2542
TEST_1627,0.00075
TEST_1628,0.2382
TEST_1629,0.259
TEST_1630,0.1372
TEST_1631,0.03964
TEST_1632,0.007534
TEST_1633,0.00467
TEST_1634,0.002335
TEST_1635,0.00522
TEST_1636,0.005836
TEST_1637,0.1249
TEST_1638,0.00705
TEST_1639,0.0444
TEST_1640,0.02551
TEST_1641,0.2888
TEST_1642,0.010956
TEST_1643,0.2534
TEST_1644,0.4998
TEST_1645,0.4998
TEST_1646,0.4863
TEST_1647,0.2595
TEST_1648,0.2683
TEST_1649,0.2036
TEST_1650,0.0983
TEST_1651,0.0262
TEST_1652,0.4998
TEST_1653,0.005287
TEST_1654,0.002584
TEST_1655,0.002522
TEST_1656,0.02843
TEST_1657,0.063
TEST_1658,0.0123
TEST_1659,0.09576
TEST_1660,0.2181
TEST_1661,0.2468
TEST_1662,0.005352
TEST_1663,0.2625
TEST_1664,0.4998
TEST_1665,0.2637
TEST_1666,0.003693
TEST_1667,0.0501
TEST_1668,0.4941
TEST_1669,0.0176
TEST_1670,0.2634
TEST_1671,0.4985
TEST_1672,0.463
TEST_1673,0.2389
TEST_1674,0.4373
TEST_1675,0.2043
TEST_1676,0.5
TEST_1677,0.2593
TEST_1678,0.4973
TEST_1679,0.2542
TEST_1680,0.4985
TEST_1681,0.5
TEST_1682,0.003609
TEST_1683,0.4973
TEST_1684,0.2551
TEST_1685,0.4631
TEST_1686,0.4995
TEST_1687,0.013275
TEST_1688,0.02296
TEST_1689,0.2396
TEST_1690,0.06976
TEST_1691,0.03317
TEST_1692,0.0478
TEST_1693,0.2505
TEST_1694,0.002228
TEST_1695,0.03885
TEST_1696,0.1788
TEST_1697,0.001791
TEST_1698,0.496
TEST_1699,0.0948
TEST_1700,0.005886
TEST_1701,0.03528
TEST_1702,0.006386
TEST_1703,0.251
TEST_1704,0.000696
TEST_1705,0.000989
TEST_1706,0.2499
TEST_1707,0.001529
TEST_1708,0.0169
TEST_1709,0.1705
TEST_1710,0.5
TEST_1711,0.5
TEST_1712,0.4998
TEST_1713,0.1941
TEST_1714,0.5
TEST_1715,0.001033
TEST_1716,0.2551
TEST_1717,0.002825
TEST_1718,0.1903
TEST_1719,0.003029
TEST_1720,0.00715
TEST_1721,0.1808
TEST_1722,0.014145
TEST_1723,0.499
TEST_1724,0.0004733
TEST_1725,0.1699
TEST_1726,0.001539
TEST_1727,0.00453
TEST_1728,0.000518
TEST_1729,0.0176
TEST_1730,0.00518
TEST_1731,0.001154
TEST_1732,0.01517
TEST_1733,0.2542
TEST_1734,0.00198
TEST_1735,0.001831
TEST_1736,0.2534
TEST_1737,0.495
TEST_1738,0.262
TEST_1739,0.1758
TEST_1740,0.261
TEST_1741,0.4941
TEST_1742,0.2524
TEST_1743,0.261
TEST_1744,0.2329
TEST_1745,0.257
TEST_1746,0.133
TEST_1747,0.00877
TEST_1748,0.3984
TEST_1749,0.4993
TEST_1750,0.0404
TEST_1751,0.0091
TEST_1752,0.02304
TEST_1753,0.2646
TEST_1754,0.4978
TEST_1755,0.001313
TEST_1756,0.4995
TEST_1757,0.5
TEST_1758,0.2607
TEST_1759,0.2644
TEST_1760,0.214
TEST_1761,0.1519
TEST_1762,0.1284
TEST_1763,0.11804
TEST_1764,0.2517
TEST_1765,0.01314
TEST_1766,0.2522
TEST_1767,0.08307
TEST_1768,0.269
TEST_1769,0.01514
TEST_1770,0.3826
TEST_1771,0.1056
TEST_1772,0.2341
TEST_1773,0.005333
TEST_1774,0.00312
TEST_1775,0.2563
TEST_1776,0.3738
TEST_1777,0.2678
TEST_1778,0.05914
TEST_1779,0.01906
TEST_1780,0.4922
TEST_1781,0.5
TEST_1782,0.0006666
TEST_1783,0.00258
TEST_1784,0.001561
TEST_1785,0.3237
TEST_1786,0.004883
TEST_1787,0.03677
TEST_1788,0.4998
TEST_1789,0.00439
TEST_1790,0.3115
TEST_1791,0.2551
TEST_1792,0.4849
TEST_1793,0.001585
TEST_1794,0.2461
TEST_1795,0.2815
TEST_1796,0.001553
TEST_1797,0.0008535
TEST_1798,0.01674
TEST_1799,0.3767
TEST_1800,0.332
TEST_1801,0.2534
TEST_1802,0.006245
TEST_1803,0.251
TEST_1804,0.0008926
TEST_1805,0.00343
TEST_1806,0.497
TEST_1807,0.485
TEST_1808,0.002312
TEST_1809,0.09174
TEST_1810,0.137
TEST_1811,0.2559
TEST_1812,0.2534
TEST_1813,0.03065
TEST_1814,0.259
TEST_1815,0.2715
TEST_1816,0.00854
TEST_1817,0.4976
TEST_1818,0.2554
TEST_1819,0.2617
TEST_1820,0.486
TEST_1821,0.03705
TEST_1822,0.2485
TEST_1823,0.2563
TEST_1824,0.0277
TEST_1825,0.4893
TEST_1826,0.2075
TEST_1827,0.4927
TEST_1828,0.4805
TEST_1829,0.1447
TEST_1830,0.0895
TEST_1831,0.2634
TEST_1832,0.2532
TEST_1833,0.0864
TEST_1834,0.2184
TEST_1835,0.255
TEST_1836,0.4976
TEST_1837,0.2402
TEST_1838,0.09735
TEST_1839,0.2544
TEST_1840,0.2598
TEST_1841,0.1942
TEST_1842,0.246
TEST_1843,0.2517
TEST_1844,0.254
TEST_1845,0.2568
TEST_1846,0.433
TEST_1847,0.02423
TEST_1848,0.1782
TEST_1849,0.4976
TEST_1850,0.08777
TEST_1851,0.276
TEST_1852,0.1726
TEST_1853,0.0005045
TEST_1854,0.001381
TEST_1855,0.03485
TEST_1856,0.499
TEST_1857,0.2433
TEST_1858,0.01906
TEST_1859,0.2478
TEST_1860,0.01279
TEST_1861,0.2194
TEST_1862,0.2185
TEST_1863,0.1305
TEST_1864,0.003057
TEST_1865,0.001332
TEST_1866,0.252
TEST_1867,0.2512
TEST_1868,0.003046
TEST_1869,0.2583
TEST_1870,0.003254
TEST_1871,0.4976
TEST_1872,0.009735
TEST_1873,0.002623
TEST_1874,0.2507
TEST_1875,0.2568
TEST_1876,0.293
TEST_1877,0.4995
TEST_1878,0.1974
TEST_1879,0.2344
TEST_1880,0.0507
TEST_1881,0.4258
TEST_1882,0.1895
TEST_1883,0.4016
TEST_1884,0.2006
TEST_1885,0.2391
TEST_1886,0.4976
TEST_1887,0.2595
TEST_1888,0.2585
TEST_1889,0.2783
TEST_1890,0.2593
TEST_1891,0.1774
TEST_1892,0.4688
TEST_1893,0.265
TEST_1894,0.5
TEST_1895,0.03677
TEST_1896,0.4995
TEST_1897,0.2605
TEST_1898,0.2812
TEST_1899,0.2866
TEST_1900,0.2625
TEST_1901,0.1106
TEST_1902,0.4338
TEST_1903,0.2522
TEST_1904,0.01105
TEST_1905,0.2484
TEST_1906,0.2524
TEST_1907,0.4978
TEST_1908,0.03146
TEST_1909,0.2598
TEST_1910,0.04413
TEST_1911,0.2361
TEST_1912,0.01593
TEST_1913,0.1482
TEST_1914,0.00635
TEST_1915,0.02681
TEST_1916,0.279
TEST_1917,0.2473
TEST_1918,0.2651
TEST_1919,0.5
TEST_1920,0.010544
TEST_1921,0.5
TEST_1922,0.1454
TEST_1923,0.02246
TEST_1924,0.2593
TEST_1925,0.201
TEST_1926,0.2507
TEST_1927,0.2527
TEST_1928,0.4692
TEST_1929,0.07074
TEST_1930,0.00771
TEST_1931,0.01694
TEST_1932,0.002745
TEST_1933,0.000582
TEST_1934,0.0006685
TEST_1935,0.000786
TEST_1936,0.0005064
TEST_1937,0.0008135
TEST_1938,0.4995
TEST_1939,0.004795
TEST_1940,0.5
TEST_1941,0.5
TEST_1942,0.00114
TEST_1943,0.2522
TEST_1944,0.3208
TEST_1945,0.4624
TEST_1946,0.1586
TEST_1947,0.02148
TEST_1948,0.001601
TEST_1949,0.001804
TEST_1950,0.2517
TEST_1951,0.2123
TEST_1952,0.006115
TEST_1953,0.11993
TEST_1954,0.1649
TEST_1955,0.2595
TEST_1956,0.001709
TEST_1957,0.4993
TEST_1958,0.4995
TEST_1959,0.00688
TEST_1960,0.00599
TEST_1961,0.004196
